stream,chars,pairs_085,verbatim,worst_pair,first_firing_t3_p40_f60,first_firing_t3_p160_f60,first_firing_t5_p40_f60,first_firing_t5_p160_f60,first_firing_t3_p40_f120,first_firing_t5_p160_f120
greedy-2026-10-04T09:17:56Z.txt,15541,1,0,0.914,,,,,,
greedy-2026-10-04T10:29:38Z.txt,1347,1,0,0.941,,,,,,
greedy-2026-10-04T11:44:19Z.txt,7650,1,0,0.934,,,,,,
greedy-2026-10-04T12:01:55Z.txt,4118,0,0,0.324,,,,,,
k4-all-2026-10-04T09:17:56Z.txt,15951,21,17,1.0,14560,14560,,,14560,
k4-all-2026-10-04T10:29:38Z.txt,1347,1,0,0.941,,,,,,
k4-all-2026-10-04T11:44:19Z.txt,3676,0,0,0.83,,,,,,
k4-all-2026-10-04T12:01:55Z.txt,4158,0,0,0.324,,,,,,
k8-2026-10-04T09:17:56Z.txt,15325,4,1,1.0,,,,,,
k8-2026-10-04T10:29:38Z.txt,1347,1,0,0.941,,,,,,
k8-2026-10-04T11:44:19Z.txt,7706,2,2,1.0,,,,,,
k8-2026-10-04T12:01:55Z.txt,4118,0,0,0.324,,,,,,
sampled-2026-10-04T09:17:56Z.txt,11428,1,0,0.906,,,,,,
sampled-2026-10-04T10:29:38Z.txt,305,0,0,0.412,,,,,,
sampled-2026-10-04T11:44:19Z.txt,10466,14,6,1.0,8317,,,,9487,
sampled-2026-10-04T12:01:55Z.txt,7948,3,1,1.0,3750,,,,,
