build_commit,build_number,cpu_info,gpu_info,backends,model_filename,model_type,model_size,model_n_params,n_batch,n_ubatch,n_threads,cpu_mask,cpu_strict,poll,type_k,type_v,n_gpu_layers,n_cpu_moe,split_mode,main_gpu,no_kv_offload,flash_attn,devices,tensor_split,tensor_buft_overrides,load_mode,lazy_mode,embeddings,no_op_offload,no_host,repack,fit_target,fit_min_ctx,n_prompt,n_gen,n_depth,test_time,avg_ns,stddev_ns,avg_ts,stddev_ts
"6c7a87f7e","11235","13th Gen Intel(R) Core(TM) i5-13400F","AMD Radeon RX 9060 XT (RADV GFX1200)","Vulkan","models/Qwen3.8-27B-GSQ-RCO-IQ3_S-mtp.gguf","qwen35 27B IQ3_S - 3.4375 bpw","12109021184","27320697856","2048","512","6","0x0","0","50","f16","f16","99","0","layer","0","0","1","auto","0.00","none","auto","auto","0","0","0","1","0","0","512","0","0","2026-09-30T11:14:21Z","790946670","1427841","647.327252","1.168625"
"6c7a87f7e","11235","13th Gen Intel(R) Core(TM) i5-13400F","AMD Radeon RX 9060 XT (RADV GFX1200)","Vulkan","models/Qwen3.8-27B-GSQ-RCO-IQ3_S-mtp.gguf","qwen35 27B IQ3_S - 3.4375 bpw","12109021184","27320697856","2048","512","6","0x0","0","50","f16","f16","99","0","layer","0","0","1","auto","0.00","none","auto","auto","0","0","0","1","0","0","0","128","0","2026-09-30T11:14:26Z","5721561328","6982088","22.371542","0.027287"
"6c7a87f7e","11235","13th Gen Intel(R) Core(TM) i5-13400F","AMD Radeon RX 9060 XT (RADV GFX1200)","Vulkan","models/Qwen3.8-27B-GSQ-RCO-IQ3_S-mtp.gguf","qwen35 27B IQ3_S - 3.4375 bpw","12109021184","27320697856","2048","512","6","0x0","0","50","f16","f16","99","0","layer","0","0","1","auto","0.00","none","auto","auto","0","0","0","1","0","0","512","0","4096","2026-09-30T11:14:54Z","853241556","15287143","600.216863","10.627911"
"6c7a87f7e","11235","13th Gen Intel(R) Core(TM) i5-13400F","AMD Radeon RX 9060 XT (RADV GFX1200)","Vulkan","models/Qwen3.8-27B-GSQ-RCO-IQ3_S-mtp.gguf","qwen35 27B IQ3_S - 3.4375 bpw","12109021184","27320697856","2048","512","6","0x0","0","50","f16","f16","99","0","layer","0","0","1","auto","0.00","none","auto","auto","0","0","0","1","0","0","0","128","4096","2026-09-30T11:15:06Z","5828390424","18428394","21.961641","0.069231"
"6c7a87f7e","11235","13th Gen Intel(R) Core(TM) i5-13400F","AMD Radeon RX 9060 XT (RADV GFX1200)","Vulkan","models/Qwen3.8-27B-GSQ-RCO-IQ3_S-mtp.gguf","qwen35 27B IQ3_S - 3.4375 bpw","12109021184","27320697856","2048","512","6","0x0","0","50","f16","f16","99","0","layer","0","0","1","auto","0.00","none","auto","auto","0","0","0","1","0","0","512","0","16384","2026-09-30T11:15:36Z","1080635352","48961589","474.561943","21.149628"
"6c7a87f7e","11235","13th Gen Intel(R) Core(TM) i5-13400F","AMD Radeon RX 9060 XT (RADV GFX1200)","Vulkan","models/Qwen3.8-27B-GSQ-RCO-IQ3_S-mtp.gguf","qwen35 27B IQ3_S - 3.4375 bpw","12109021184","27320697856","2048","512","6","0x0","0","50","f16","f16","99","0","layer","0","0","1","auto","0.00","none","auto","auto","0","0","0","1","0","0","0","128","16384","2026-09-30T11:16:10Z","6194483928","19753346","20.663713","0.065798"
"6c7a87f7e","11235","13th Gen Intel(R) Core(TM) i5-13400F","AMD Radeon RX 9060 XT (RADV GFX1200)","Vulkan","models/Qwen3.8-27B-GSQ-RCO-IQ3_S-mtp.gguf","qwen35 27B IQ3_S - 3.4375 bpw","12109021184","27320697856","2048","512","6","0x0","0","50","q8_0","q8_0","99","0","layer","0","0","1","auto","0.00","none","auto","auto","0","0","0","1","0","0","512","0","16384","2026-09-30T11:16:45Z","1024755015","54020386","500.695975","25.248787"
"6c7a87f7e","11235","13th Gen Intel(R) Core(TM) i5-13400F","AMD Radeon RX 9060 XT (RADV GFX1200)","Vulkan","models/Qwen3.8-27B-GSQ-RCO-IQ3_S-mtp.gguf","qwen35 27B IQ3_S - 3.4375 bpw","12109021184","27320697856","2048","512","6","0x0","0","50","q8_0","q8_0","99","0","layer","0","0","1","auto","0.00","none","auto","auto","0","0","0","1","0","0","0","128","16384","2026-09-30T11:17:19Z","6055855774","36430292","21.137174","0.126140"
"6c7a87f7e","11235","13th Gen Intel(R) Core(TM) i5-13400F","AMD Radeon RX 9060 XT (RADV GFX1200)","Vulkan","models/Qwen3.8-27B-GSQ-RCO-IQ3_S-mtp.gguf","qwen35 27B IQ3_S - 3.4375 bpw","12109021184","27320697856","2048","512","6","0x0","0","50","q8_0","q8_0","99","0","layer","0","0","1","auto","0.00","none","auto","auto","0","0","0","1","0","0","512","0","32768","2026-09-30T11:17:50Z","1286620752","39376622","398.236713","12.050964"
"6c7a87f7e","11235","13th Gen Intel(R) Core(TM) i5-13400F","AMD Radeon RX 9060 XT (RADV GFX1200)","Vulkan","models/Qwen3.8-27B-GSQ-RCO-IQ3_S-mtp.gguf","qwen35 27B IQ3_S - 3.4375 bpw","12109021184","27320697856","2048","512","6","0x0","0","50","q8_0","q8_0","99","0","layer","0","0","1","auto","0.00","none","auto","auto","0","0","0","1","0","0","0","128","32768","2026-09-30T11:18:59Z","6346766490","16789523","20.167863","0.053291"
"6c7a87f7e","11235","13th Gen Intel(R) Core(TM) i5-13400F","AMD Radeon RX 9060 XT (RADV GFX1200)","Vulkan","models/Qwen3.8-27B-GSQ-RCO-IQ3_S-mtp.gguf","qwen35 27B IQ3_S - 3.4375 bpw","12109021184","27320697856","2048","512","6","0x0","0","50","q8_0","q4_0","99","0","layer","0","0","1","auto","0.00","none","auto","auto","0","0","0","1","0","0","512","0","16384","2026-09-30T11:19:35Z","1144586683","42773927","447.811599","16.344276"
"6c7a87f7e","11235","13th Gen Intel(R) Core(TM) i5-13400F","AMD Radeon RX 9060 XT (RADV GFX1200)","Vulkan","models/Qwen3.8-27B-GSQ-RCO-IQ3_S-mtp.gguf","qwen35 27B IQ3_S - 3.4375 bpw","12109021184","27320697856","2048","512","6","0x0","0","50","q8_0","q4_0","99","0","layer","0","0","1","auto","0.00","none","auto","auto","0","0","0","1","0","0","0","128","16384","2026-09-30T11:20:13Z","6021117434","36781598","21.259142","0.128881"
"6c7a87f7e","11235","13th Gen Intel(R) Core(TM) i5-13400F","AMD Radeon RX 9060 XT (RADV GFX1200)","Vulkan","models/Qwen3.8-27B-GSQ-RCO-IQ3_S-mtp.gguf","qwen35 27B IQ3_S - 3.4375 bpw","12109021184","27320697856","2048","512","6","0x0","0","50","q8_0","q4_0","99","0","layer","0","0","1","auto","0.00","none","auto","auto","0","0","0","1","0","0","512","0","32768","2026-09-30T11:20:43Z","1527281576","71445069","335.814132","15.444421"
"6c7a87f7e","11235","13th Gen Intel(R) Core(TM) i5-13400F","AMD Radeon RX 9060 XT (RADV GFX1200)","Vulkan","models/Qwen3.8-27B-GSQ-RCO-IQ3_S-mtp.gguf","qwen35 27B IQ3_S - 3.4375 bpw","12109021184","27320697856","2048","512","6","0x0","0","50","q8_0","q4_0","99","0","layer","0","0","1","auto","0.00","none","auto","auto","0","0","0","1","0","0","0","128","32768","2026-09-30T11:22:02Z","6267131998","42964241","20.424777","0.138889"
