workload,temp,rule,runs,ms_per_token,accepted,drafted,accept_pct
code,0.6,new,5,14.94,919,1060,86.7
code,0.6,point,5,14.87,911,1080,84.4
code,0.8,new,5,16.17,904,1108,81.6
code,0.8,point,5,15.67,887,1152,77.0
code,1.0,new,5,18.31,860,1237,69.5
code,1.0,point,5,16.21,896,1135,78.9
prose,0.6,new,5,24.13,692,1738,39.8
prose,0.6,point,5,24.65,656,1846,35.5
prose,0.8,new,5,25.57,672,1796,37.4
prose,0.8,point,5,25.23,664,1820,36.5
prose,1.0,new,5,25.11,703,1708,41.2
prose,1.0,point,5,26.76,640,1890,33.9
chat,0.6,new,5,19.97,785,1455,54.0
chat,0.6,point,5,20.36,774,1490,51.9
chat,0.8,new,5,20.31,787,1456,54.1
chat,0.8,point,5,20.75,758,1534,49.4
chat,1.0,new,5,22.38,763,1524,50.1
chat,1.0,point,5,23.30,731,1621,45.1
