engine,kv,mtp,length,repeat,prompt_n,prompt_ms,tps,vram_peak_mib
omphalos,k4q4,1,512,0,512,534.5,957.9,14213
omphalos,k4q4,1,512,1,512,534.4,958.1,14213
omphalos,k4q4,1,512,2,512,535.2,956.7,14213
omphalos,k4q4,1,512,3,512,535.7,955.7,14213
omphalos,k4q4,1,512,4,512,535.9,955.5,14213
omphalos,k4q4,1,2048,0,2048,2154.3,950.7,14213
omphalos,k4q4,1,2048,1,2048,2156.0,949.9,14213
omphalos,k4q4,1,2048,2,2048,2156.6,949.6,14213
omphalos,k4q4,1,2048,3,2048,2158.8,948.7,14213
omphalos,k4q4,1,2048,4,2048,2160.5,947.9,14213
omphalos,k4q4,1,8192,0,8192,8878.8,922.6,14213
omphalos,k4q4,1,8192,1,8192,8893.4,921.1,14213
omphalos,k4q4,1,8192,2,8192,8902.1,920.2,14213
omphalos,k4q4,1,8192,3,8192,8907.5,919.7,14213
omphalos,k4q4,1,8192,4,8192,8914.5,919.0,14213
omphalos,k4q4,1,16384,0,16384,18494.5,885.9,14213
omphalos,k4q4,1,16384,1,16384,18507.5,885.3,14213
omphalos,k4q4,1,16384,2,16384,18520.2,884.7,14213
omphalos,k4q4,1,16384,3,16384,18532.6,884.1,14213
omphalos,k4q4,1,16384,4,16384,18541.5,883.6,14213
omphalos,k4q4,1,32768,0,32768,39849.1,822.3,14213
omphalos,k4q4,1,32768,1,32768,39876.1,821.7,14213
omphalos,k4q4,1,32768,2,32768,39904.4,821.2,14213
omphalos,k4q4,1,32768,3,32768,39916.3,820.9,14213
omphalos,k4q4,1,32768,4,32768,39931.4,820.6,14213
omphalos,k4q4,1,65536,0,65536,91033.1,719.9,14213
omphalos,k4q4,1,65536,1,65536,91026.0,720.0,14213
omphalos,k4q4,1,65536,2,65536,91074.8,719.6,14213
omphalos,k4q4,1,65536,3,65536,91091.6,719.5,14213
omphalos,k4q4,1,65536,4,65536,91103.7,719.4,14213
omphalos,k4q4,1,100000,0,100000,157347.7,635.5,14213
omphalos,k4q4,1,100000,1,100000,157351.8,635.5,14213
omphalos,k4q4,1,100000,2,100000,157321.9,635.6,14213
omphalos,k4q4,1,100000,3,100000,157319.4,635.6,14213
omphalos,k4q4,1,100000,4,100000,157402.9,635.3,14213
omphalos,k4q4,0,512,0,512,536.7,954.0,13479
omphalos,k4q4,0,512,1,512,537.1,953.3,13479
omphalos,k4q4,0,512,2,512,537.3,952.8,13479
omphalos,k4q4,0,512,3,512,537.5,952.6,13479
omphalos,k4q4,0,512,4,512,537.5,952.5,13479
omphalos,k4q4,0,2048,0,2048,2158.5,948.8,13479
omphalos,k4q4,0,2048,1,2048,2159.3,948.5,13479
omphalos,k4q4,0,2048,2,2048,2160.2,948.1,13479
omphalos,k4q4,0,2048,3,2048,2161.4,947.6,13479
omphalos,k4q4,0,2048,4,2048,2162.1,947.2,13479
omphalos,k4q4,0,8192,0,8192,8879.1,922.6,13479
omphalos,k4q4,0,8192,1,8192,8883.4,922.2,13479
omphalos,k4q4,0,8192,2,8192,8888.3,921.7,13479
omphalos,k4q4,0,8192,3,8192,8889.9,921.5,13479
omphalos,k4q4,0,8192,4,8192,8888.9,921.6,13479
omphalos,k4q4,0,16384,0,16384,18434.4,888.8,13479
omphalos,k4q4,0,16384,1,16384,18429.9,889.0,13479
omphalos,k4q4,0,16384,2,16384,18435.2,888.7,13479
omphalos,k4q4,0,16384,3,16384,18431.0,888.9,13479
omphalos,k4q4,0,16384,4,16384,18430.8,888.9,13479
omphalos,k4q4,0,32768,0,32768,39601.2,827.4,13479
omphalos,k4q4,0,32768,1,32768,39598.4,827.5,13479
omphalos,k4q4,0,32768,2,32768,39608.4,827.3,13479
omphalos,k4q4,0,32768,3,32768,39609.6,827.3,13479
omphalos,k4q4,0,32768,4,32768,39609.1,827.3,13479
omphalos,k4q4,0,65536,0,65536,90439.3,724.6,13479
omphalos,k4q4,0,65536,1,65536,90431.7,724.7,13479
omphalos,k4q4,0,65536,2,65536,90435.6,724.7,13479
omphalos,k4q4,0,65536,3,65536,90462.6,724.5,13479
omphalos,k4q4,0,65536,4,65536,90459.2,724.5,13479
omphalos,k4q4,0,100000,0,100000,156393.7,639.4,13479
omphalos,k4q4,0,100000,1,100000,156413.7,639.3,13479
